customer_id,total_spent,avg_spent,total_other_discount,total_coupon_discount
1053,69693775.11,224818.6293870968,-10282.37,-89.05
48,12526469.35,32536.284025974022,-10664.18,-1237.79
205,181500.76,187.1141855670103,-17261.79,-2145.72
1050,30803.34,129.97189873417722,-3947.37,-178.1
1489,125315644.63,222981.5740747331,-11534.9,-265.01
793,130290340.67,75750.19806395349,-32397.91,-989.87
590,815112148.68,634822.5457009345,-23471.15,-162.07
368,166653358.66,65766.91344119968,-34784.97,-103.3
523,66565.2,273.93086419753087,-4445.01,-388.24
679,211601.93,154.67977339181286,-22744.22,0.0
108,50466.63,189.013595505618,-5977.07,-3193.32
89,171884460.56,257312.06670658683,-17395.66,-1492.43
712,30547084.71,39826.70757496741,-17694.61,-1179.03
1067,77171216.13000001,79557.95477319589,-11820.46,-226.19
761,79217.31999999999,116.15442815249266,-7578.12,-277.48
248,56800293.27,37148.65485284499,-23637.76,-1128.8
1464,140188284.84,53527.40925544101,-49992.33,-71.24
186,184694.32,123.62404283801877,-20643.72,-35.62
1152,11946751.569999998,4401.898146647015,-32377.4,-491.2
695,12889893.420000002,7357.245102739727,-23722.14,-552.0899999999999
886,101131.21,127.85235145385587,-12586.28,-240.43
1255,66817.56999999999,62.04045496750231,-10396.92,0.0
553,3585133.18,2433.8989680923287,-24191.41,0.0
1398,153330447.97,161570.5458061117,-21278.16,-669.65
1031,356171280.98,440806.0408168317,-18452.73,-2376.52
63,17612067.490000002,15613.53500886525,-19726.83,-2661.85
88,1093445873.38,704086.2030779136,-43109.94,-2819.29
197,229959445.78,236583.7919547325,-29472.76,-3176.21
1095,12596834.97,5351.246801189465,-37682.76,-108.64
1096,3946923.29,14045.990355871889,-6191.45,0.0
919,336940010.73,580931.0529827586,-17414.89,-2884.14
917,240722999.24,254195.3529461457,-16318.89,-71.24
828,249919668.84,157877.23868603917,-34112.89,-138.92
958,110283656.52,69273.65359296482,-29460.74,-177.38
91,10933416.11,19316.989593639573,-8304.68,0.0
1447,54863.22,134.79906633906634,-11633.16,-153.17
124,1194584794.1,1840654.536363636,-14488.07,-106.86
661,24268922.87,41485.33823931623,-6334.59,-341.95
648,84644052.22,151964.18710951525,-9030.17,-19.59
1381,35358433.8,61173.76089965397,-8292.52,0.0
680,24527093.02,29657.911753325272,-19884.6,0.0
72,126834.93,90.92109677419354,-25755.45,-267.17
883,340312457.4,649451.2545801526,-10749.41,-56.99
1366,63136.75,108.85646551724138,-9972.09,0.0
276,1115606417.06,914431.4893934424,-22775.31,-1123.81
578,1007915719.36,436138.3467589788,-46327.93,-2287.12
895,31583369.450000003,71780.38511363637,-7046.29,-35.62
861,277508.83,208.96749246987952,-23532.53,-124.67
1383,236250818.46,118184.50148074038,-26214.13,-90.83
1351,342390.96,502.7767400881058,-14954.69,-248.98
1162,101031.62,336.77206666666666,-5265.33,-8.9
19,153425.39,110.29862688713158,-9914.77,-90.82
384,27491327.789999995,46126.388909395966,-8550.88,-471.96
200,86131.49,152.71540780141845,-9056.96,-1730.39
113,238830574.77,519196.90167391306,-14612.72,-469.81
1210,11244245.42,6443.693650429799,-22018.43,-658.9699999999999
341,2093164.53,7318.7570979020975,-4109.07,-97.94
1475,403889.41,102.38007858048162,-35895.3,-452.37
998,213782.72,167.8043328100471,-17926.27,-455.56
1418,21779728.26,16253.528552238804,-23686.76,-1827.64
1444,278334750.69,98525.57546548672,-38994.83,-1591.85
321,101689.09,189.7184514925373,-16543.93,-160.29
372,3864031.27,18941.329754901963,-3249.89,-73.01
888,7653171.399999999,16180.06638477801,-7658.27,-60.55
659,1454670305.78,683907.0549036202,-27909.85,-722.73
340,75289.14,144.50890595009596,-8792.36,-89.05
657,101917018.27,73852.91178985508,-39136.47,-1823.01
1044,45529499.07,33379.39814516129,-45445.7,-1847.92
435,9802140.47,18529.56610586011,-6364.61,-160.29
416,439385080.03,509136.8250637312,-21320.97,-1728.28
741,76916.27,133.3037608318891,-7793.26,0.0
572,1108451009.2,464759.3329979036,-27551.8,-106.5
1214,20070511.03,57673.88227011493,-4397.94,0.0
166,175088.38,156.18945584299732,-19133.78,-331.27
278,5314172.359999999,33422.46767295597,-4065.72,-158.14999999999998
379,105772953.31,39585.68611901197,-46213.58,-946.4
1005,132581.88,79.82051776038531,-17687.86,-142.48
1241,61232377.330000006,161563.00087071242,-3955.58,-44.52
1202,76965338.14,140962.15776556777,-12425.85,-778.29
1025,191879932.13,98754.46841482243,-30363.88,-3200.4
814,68802.31,88.43484575835475,-8239.84,-425.66
619,286885.57,141.183843503937,-34357.24,-267.15
15,437871064.09,528829.7875483092,-13847.56,-1307.24
638,165448077.95999998,97093.94246478872,-42085.1,-1201.8
1582,363181273.73,427272.0867411765,-21184.63,-2315.96
310,242004902.32,330607.7900546448,-16026.45,-411.05
8,2312939070.73,1754885.486138088,-31011.15,-6605.29
95,35868.05,137.42547892720305,-6438.19,-418.53
932,73564.26,239.622996742671,-3746.45,-213.36
1195,43740.24,157.9070036101083,-3746.11,-8.9
1232,5899909.999999999,5134.821583986074,-17401.46,-162.07
569,239590994.03,224757.0300469043,-18971.86,-17.81
640,50064122.36,50878.1731300813,-11471.73,-124.66
1003,364397789.52,388070.06338658143,-14323.63,-89.05
1029,1417381.87,3163.798816964286,-6091.29,-226.19
644,49224.3,76.31674418604652,-8948.2,-53.42999999999999
526,1110785.09,1168.0179705573082,-15078.78,-756.91
745,317765045.43,326918.77101851854,-17983.07,-64.12
1136,679031139.15,336320.52459138184,-34358.25,-4564.32
1491,129577.54,143.17960220994473,-11412.59,0.0
1534,328035411.7,191051.49196272567,-46998.21,-1194.24
80,875188631.9399999,520945.61425,-33612.63,-2203.44
1174,8245818.600000001,12307.191940298508,-11472.35,-122.89
879,4813403.78,4297.681946428572,-15996.67,-792.18
608,479763598.63,429895.6976971326,-16485.34,-897.23
755,204724621.76,151423.5368047337,-24936.48,-1044.72
1099,156749683.76,327243.59866388305,-8332.47,-587.72
1118,86256.36,152.66612389380532,-9509.76,-377.56
582,107631683.19,212710.83634387355,-7114.21,0.0
686,139261.81,277.9676846307385,-9570.07,-26.71
441,173342807.45999998,236161.86302452316,-9967.88,-162.07
666,208506.35,139.74956434316354,-19464.48,-35.62
1233,66631.98,134.33866935483871,-7107.89,0.0
434,113018.02,134.5452619047619,-17596.82,-124.67
1369,9094875.28,10370.439315849486,-9598.02,-907.57
1303,18088557.5,27616.118320610687,-12105.66,-379.35
155,454388326.61,412705.1104541326,-16748.76,-270.7
736,151219.27,221.0808040935672,-18450.28,-89.05
1410,87022975.85,168649.17800387595,-9673.64,-28.5
607,5388737.52,8907.004165289256,-5622.56,-686.39
874,700318582.22,499870.5083654533,-37719.04,-719.51
44,51505.56,178.21993079584774,-3646.75,0.0
1201,163148.22,185.39570454545452,-15494.82,0.0
1306,40529.37,129.4868051118211,-4002.21,-8.9
900,114556.55,107.97035815268616,-15322.79,-35.62
28,851914453.34,414960.7663614223,-22409.98,-231.52
42,1491473384.75,892563.3660981448,-31054.26,-1408.75
538,132934.95,151.40654897494306,-9514.02,0.0
106,232286534.98,176509.52506079027,-16459.85,-418.16
1082,481479405.57,922374.3401724136,-9408.13,-406.05
212,151737.05,143.69038825757573,-18873.19,-124.67
1324,1031413458.02,1006257.032214634,-44621.86,-530.38
871,448445742.72,309059.781337009,-23791.83,-940.35
501,2854906.97,1360.1271891376846,-34376.86,-241.85
1229,1689952.78,2939.048313043478,-8287.13,-561.02
343,2267916.99,3992.811602112676,-3409.56,0.0
634,83070.79,133.55432475884243,-11413.5,-354.41
754,255461376.68,294990.0423556582,-25404.84,-281.04
41,67351463.6,142392.10063424945,-9053.11,-136.78
206,12865274.11,22810.769698581564,-7780.46,-35.62
131,258884261.09,347495.6524697987,-18883.8,-3645.32
1145,83234757.67,88359.61536093419,-19425.33,-400.72
612,17075098.37,16577.76540776699,-13180.78,0.0
992,20019054.29,40360.99655241936,-4924.44,0.0
1307,1296558.35,5893.447045454544,-3174.5,-65.89
936,116867.66,113.13423039690224,-15162.02,-60.55
389,355557534.72,289071.16643902444,-19027.69,-1904.21
532,64233.83,166.4088860103627,-8373.81,0.0
1026,597051.72,471.2326124704025,-20637.16,-251.11
403,66835630.15,105418.975,-10074.58,-1124.11
718,19881065.1,42754.978709677416,-4646.63,-26.71
38,173895861.41,172174.1202079208,-12695.26,-35.62
1246,217678.14,161.24306666666666,-22160.62,-874.4599999999999
176,119047588.37,386518.1440584415,-6767.71,-407.86
1449,282812682.06,137890.14239882983,-26466.36,-167.41
725,1577391.23,1169.304099332839,-30539.4,-1384.89
866,1109117125.07,496027.336793381,-39350.23,-235.09
1173,179707839.22,451527.2342211055,-5808.57,-35.62
835,56508766.79,63635.99863738738,-7644.12,-249.32
923,38760139.85,131390.30457627118,-5160.24,-35.62
125,17084538.1,53057.57173913044,-5481.5,0.0
694,929387751.31,829810.4922410714,-18439.73,-309.88
1192,209673.88,123.26506760728984,-27058.89,-343.72
1462,4181845.93,25813.8637654321,-2411.45,0.0
1058,76704.35,125.1294453507341,-7050.19,0.0
1339,383168743.74,483798.9188636364,-13584.24,-1107.06
430,123452.87,135.9613105726872,-15061.48,-8.9
191,179142.13,170.12547958214626,-16694.12,-55.21
1236,381758132.96,364620.9483858644,-18721.68,-81.93
467,137327.8,98.86810655147588,-27803.21,-320.58
726,54858.24,102.9235272045028,-8860.02,-71.24
1199,43886425.77,32033.887423357668,-22242.47,-560.3
1332,247258920.65,129387.1902930403,-20732.12,-1428.71
402,620190860.57,361627.3239475219,-29679.38,-302.77
1446,10231014.420000002,22939.49421524664,-8384.07,-162.07
1292,16681354.0,21196.12960609911,-13980.87,-106.86
93,40113659.84,40194.04793587174,-28176.36,-463.06
474,82275440.75,94352.5696674312,-22587.5,-443.46
450,862026457.13,586412.5558707482,-25913.35,-651.48
1158,359335867.75,278554.9362403101,-18123.22,0.0
1089,112473.99,102.52870556061988,-20912.7,-178.1
1183,203991.97,197.2843036750484,-12486.86,-89.05
355,96607799.43,59414.39079335794,-20818.35,-291.72
1357,8960397.1,11805.52977602108,-17790.6,-589.5
1426,46475.4,178.06666666666666,-3713.62,-121.11
273,67954.64,119.8494532627866,-8456.81,0.0
776,191614.88,154.40360999194198,-23906.3,-1139.82
727,62324.13,125.14885542168676,-8622.87,-35.62
737,192924087.25,119977.66620024876,-38294.61,-1683.74
136,75568.49,110.48024853801172,-11627.88,-55.21
1074,24492.83,121.85487562189056,-2056.31,0.0
1373,16357232.409999996,73681.22707207206,-4025.73,0.0
293,298660.25,175.3730182031709,-39984.31,-1021.22
626,131574028.41,46476.16687036384,-54275.28,-6299.63
654,34692.18,143.35611570247934,-3283.76,0.0
1387,458149287.46,215599.6646870588,-39551.89,-1415.86
1061,250526.63,172.18325085910652,-23415.29,-1420.49
1346,297486136.01,288821.49127184466,-13761.01,0.0
1348,248831914.25,388799.866015625,-10603.35,0.0
324,1917900.28,1867.478364167478,-14876.94,-94.39
130,6901829.24,15939.559445727484,-6110.91,0.0
214,48021681.67,37139.73833720031,-32819.47,-1875.04
306,202626445.67,357365.8653791887,-13519.62,0.0
691,113041030.15,85378.4215634441,-29753.82,-224.4
639,70559.49,157.1480846325167,-8803.65,-251.12
1528,24150965.57,26984.319072625694,-13607.8,0.0
800,35683744.32,36939.69391304348,-14987.82,-65.89
392,153686.22,161.26570828961175,-11866.7,-252.9
1208,1055725648.22,733142.811263889,-16465.78,-5923.469999999999
684,83454.29,98.76247337278106,-12079.53,-705.62
1168,36063575.97,42477.710212014135,-17843.32,-1228.88
1315,332117362.79,272004.39212940214,-22775.23,-1533.39
1046,351836.43,145.38695454545453,-38186.5,-559.23
189,10853956.2,7899.531441048036,-32217.11,-1321.5
1006,43840.6,105.38605769230767,-4623.79,-35.62
1285,31807279.36,45831.81463976945,-18291.47,-811.4399999999999
40,7763199.25,5815.1305243445695,-20194.98,-848.8299999999999
1103,983978306.49,531592.8182009724,-24416.23,-302.77
954,789923454.11,1286520.2835667753,-12781.55,-142.49
395,58988.81,88.83856927710843,-10986.25,-242.21
498,185480.13,116.3614366373902,-26377.07,-644.37
117,170645812.12,523453.41141104297,-6758.85,-178.1
779,167400.13999999998,138.69108533554265,-22517.68,-281.39
1479,194929638.05,204328.76105870015,-14963.16,-439.91
316,310324852.48,347508.2334602464,-14969.09,-17.81
531,62735523.93,313677.61965,-4180.35,0.0
1212,58459.41,73.90570164348925,-8487.83,-142.48
437,26848119.76,41884.74221528861,-7732.63,0.0
297,19735567.56,115412.67578947368,-2028.86,-163.84
973,6894460.99,7242.08087184874,-14067.6,-149.6
1429,20523068.42,63736.23732919256,-3694.4,-71.24
876,125268.02,169.739864498645,-11969.96,-288.52
1372,109294955.7,100732.67806451612,-12372.94,-97.95
790,78640011.08,113971.03055072464,-8442.53,-90.83
1238,243207450.66,208403.98514138817,-23498.47,-453.79
764,62232.19,147.81992874109264,-6679.05,0.0
473,175008194.52,284104.2118831169,-13267.99,-227.61
566,824312734.15,310592.590109269,-41452.51,-6237.36
1267,61153.99,102.43549413735344,-7733.71,-80.14
344,1180689.69,2356.666047904192,-10831.87,-124.67
105,17440716.830000002,36184.059813278014,-7921.07,-121.11
56,225777.79,147.18239243807042,-29135.81,-88.69
1368,44152495.25,27440.954164077066,-30176.16,-463.06
594,55154890.5,56280.50051020408,-21901.48,-1086.4
1359,87921356.05,237625.2866216216,-11185.34,-314.52
1334,54853765.25,63561.72103128621,-18648.28,-738.75
1471,814564801.3199999,928808.2113112884,-14499.79,-3310.83
1234,49472.86,92.81962476547842,-10391.6,-120.4
420,176265.84,171.13188349514562,-22817.17,-178.1
561,425891207.0,402924.5099337748,-21508.72,-356.2
1146,674633712.65,337823.5917125688,-28827.01,-655.41
820,113086.42,117.79835416666668,-11850.65,-473.37
1563,22137757.950000003,25563.2308891455,-15866.31,-1079.29
1039,66940.62999999999,369.8377348066298,-7285.99,-126.45
956,95017.78,113.3863723150358,-9958.04,0.0
795,100476657.44,122234.37644768856,-7368.6,-178.1
401,2317223724.26,2621293.805723981,-33772.54,-2275.34
1419,15819657.86,20152.43039490446,-8914.99,-19.59
808,14788945.540000005,7722.686966057443,-23216.84,-471.96
448,134282735.26,212137.02252764613,-7566.139999999999,-44.52
167,131764.45,120.00405282331512,-14272.03,-287.81
477,39131.55,133.5547781569966,-4015.77,0.0
1085,133760050.01,186036.2308901252,-8924.11,-266.78
268,2030766.06,3030.994119402985,-14265.45,-709.89
1520,265355046.69,429377.0982038835,-12170.66,-279.62
1497,71818.57,184.1501794871795,-5017.37,0.0
195,407386624.04,221646.6942546246,-39145.33,-178.1
301,82844.56999999999,197.24897619047616,-9450.7,-106.5
819,54362.94,65.49751807228915,-4481.56,0.0
797,14219234.64,22714.43233226837,-18664.15,-231.53
1549,50577375.52,33340.39256427159,-37669.59,-5159.09
1200,113321455.12,175964.99242236026,-6283.64,0.0
39,26633.9,120.51538461538462,-4073.85,0.0
445,50062.42,129.0268556701031,-3679.74,0.0
1445,25391891.07,155778.4728220859,-2748.07,0.0
302,6191404.38,6093.901948818898,-13282.63,-436.34
944,95978.75,112.25584795321636,-10072.43,-276.06
413,10981599.87,21037.54764367816,-7413.13,-17.81
689,2894651.1899999995,3160.099552401746,-12662.41,0.0
1389,28335114.22,34981.62249382716,-13434.02,-160.28
704,33163662.86,34402.13989626556,-20501.74,-400.72
969,122515092.46999998,186760.8116920732,-9238.33,0.0
852,10962380.5,9524.222849695916,-24459.98,-185.23
815,10999677.56,29971.873460490464,-7593.68,0.0
1216,536012945.82,355210.69968190853,-23476.55,-1113.1
768,60632.2,157.89635416666667,-9358.7,-195.91
1538,142014.16,177.5177,-12369.33,-224.04
153,89611.56,65.6494945054945,-14903.87,-2519.0
1474,71364.88,121.99124786324788,-11040.29,-178.1
152,60765.14,148.93416666666667,-10292.7,-356.19
839,154387076.6,129410.79346186086,-24147.25,-195.9
279,49117457.62,76746.02753125,-7485.84,-231.53
433,202648.96,144.85272337383844,-19395.2,-2303.86
30,70868.37,126.32508021390372,-11473.43,-445.24
43,77911.54,126.89175895765472,-7661.04,-37.4
1481,15719840.0,18385.777777777777,-13391.16,-135.36
1256,46564767.55,103707.7228285078,-10119.56,-35.62
854,67855.06,120.31039007092198,-10233.58,-19.59
1084,6112371.23,3895.7114276609295,-27712.93,-42.75
766,223823846.11,213368.77608198285,-15530.92,-2445.97
651,23302527.750000004,57395.38854679804,-5881.19,0.0
1340,106851.46,157.59802359882008,-13317.09,-420.31
53,94578.61,182.23238921001928,-7375.099999999999,0.0
860,58248.21,113.76603515625,-7239.92,0.0
953,1329627.11,5657.987702127659,-7933.26,0.0
792,39196788.73,30985.60373913043,-20649.52,-442.76
996,20753374.85,150386.77427536232,-1941.3,-119.32999999999998
516,66776.45999999999,212.66388535031845,-5472.32,-249.34
243,99846874.08,113591.4380887372,-14618.67,-617.99
71,23872947.09,25450.90308102345,-21222.86,-1325.04
387,240225729.8,251282.1441422594,-15429.63,0.0
1411,196684331.06,282186.9886083214,-9368.25,-168.12
7,50792295.39,48235.79809116809,-18747.4,-785.43
862,76168.83,136.50327956989247,-6966.45,0.0
179,82362626.92999999,112671.17227086182,-10803.51,-1182.19
439,78985.04,133.42067567567565,-11154.42,-327.69
872,87989.21,249.2612181303116,-4346.7,-73.02000000000001
1358,320457254.57,1200214.4365917605,-23509.23,-391.82
1554,19969655.4,48352.6765133172,-7308.42,-895.8499999999999
734,22732.69,119.64573684210524,-3282.34,0.0
537,73089768.67999999,62899.9730464716,-17951.81,-178.1
957,1908056621.0,862203.6244916403,-34839.14,-178.1
1458,318200447.46,269890.1165903308,-28277.87,-458.78
1441,123930369.14,65990.61189563366,-57112.6,-3073.24
226,40575894.14,31381.20196442382,-34551.16,-432.42
633,33587599.73,35060.12497912317,-15471.02,-181.66
294,13261805.1,12245.43407202216,-21357.21,-512.93
478,170590.37,261.6416717791411,-11324.12,-35.62
829,1719778.53,2488.825658465991,-9222.23,-47.73
1321,152569548.51999998,251350.16230642505,-10766.69,-1834.04
496,1376311.26,1927.606806722689,-11285.86,-135.35
522,64275927.620000005,126031.230627451,-6910.31,0.0
499,424928293.48,277187.4060534899,-27024.95,-224.4
460,108049718.63,52681.481535836174,-34973.01,-1141.62
586,136918874.78,272746.76250996016,-6386.81,-984.17
419,58353.5,113.74951267056532,-10756.47,-162.06
446,270757298.32,206527.3061174676,-17023.44,-71.24
567,184942.26,144.2607332293292,-26193.18,-297.43
637,145309.66,127.91343309859155,-10857.73,-53.43
1266,148228.56,143.35450676982592,-14339.79,-944.98
760,124038330.71,173237.8920530726,-9340.19,-39.18
1281,22169343.71,51918.83772833723,-4646.88,-28.14
1064,286151716.35,135104.68194050994,-45383.46,-628.6899999999999
289,102988.31,167.18881493506493,-11242.57,-217.28
1507,55112409.6,88038.99297124601,-10138.33,-276.04999999999995
1412,135256601.03,146858.4158849077,-18551.73,-915.43
1073,92748.32,121.39832460732984,-9920.5,-439.89
1514,131257.8,253.39343629343628,-7139.599999999999,-156.73
724,51885526.49,84229.75079545454,-9385.45,-89.05
1015,336090835.16,503129.992754491,-9442.57,-2308.11
1506,375112141.08,451942.3386506024,-19606.5,-1659.91
290,12012912.48,40176.96481605352,-6203.19,0.0
1194,135178306.3,159220.6199057715,-17715.43,-1216.04
1004,153488207.6,84566.50556473828,-26712.95,-260.03
175,68824.41,168.6872794117647,-9011.72,0.0
96,95222.6,181.3763809523809,-13165.13,-329.49
1305,67391721.41,62457.57313253012,-22436.47,-785.42
365,769833.25,2212.164511494253,-6138.99,0.0
6,73004.37,125.22190394511148,-6997.13,-409.62
1167,180411.32,124.50746721877157,-13589.26,-105.08
207,525643787.9,345590.9190664037,-19208.34,-776.5
1436,146775.13,195.7001733333333,-15775.16,-213.72
1434,4190285.39,2686.0803782051285,-24590.21,-137.13
1106,104857296.61,148103.52628531074,-11095.23,-302.77
1101,113865.97,133.48882766705745,-12003.26,-371.88
748,1060620011.26,451519.8004512559,-43785.75,-10752.81
444,192751.1,135.74021126760564,-24691.45,-235.09
528,707259214.22,408348.2761085451,-30642.96,-1285.15
1112,293023241.5,439315.20464767615,-13105.37,-178.1
910,7665249.88,10572.758455172414,-4437.93,0.0
1140,3639677.02,2925.78538585209,-16619.15,-235.08
277,120630.25,109.46483666061708,-16081.92,-80.14
807,81036.41,95.78771867612294,-10836.98,0.0
850,17952.4,176.00392156862748,-2572.85,-39.18
1405,191546229.38,193285.80159434915,-16505.88,-12.47
964,337795757.31,291203.2390603448,-23171.12,-783.28
823,194205763.35,142067.1275420629,-30284.92,-3057.27
209,55709.88,83.02515648286139,-3921.01,0.0
90,199463341.94,170335.90259607174,-23090.79,-562.79
510,84758615.42,51619.132411693055,-39450.39,-2384.75
650,13989839.05,13001.709154275091,-15370.91,-416.75
161,41105037.13,14382.448261021696,-61133.75,-2289.95
938,39133.39,210.39456989247316,-4780.91,-135.35
514,99002.4,207.1179916317992,-5735.14,-17.81
102,48365.04,182.5095849056604,-7132.92,-124.67
1488,39251.64,148.68045454545455,-5287.77,-35.62
1469,104896741.94,58438.2963454039,-25097.79,-1114.1799999999998
989,674741596.22,334030.49317821785,-44107.04,-231.52
732,227771.61,285.7862107904642,-15591.79,0.0
353,16456698.62,17714.422626480085,-19055.2,-185.23
1320,191271.15,182.3366539561487,-16085.79,-233.31
789,229964084.35,180081.5069303054,-15370.69,-205.88
74,83531.19,105.46867424242424,-10138.99,0.0
1536,31304117.53,62234.826103379724,-9517.68,-162.07
159,9047759.77,20704.255766590388,-5213.47,-1674.14
25,62418297.62,318460.70214285713,-13927.04,-89.05
132,165453841.83,187589.389829932,-21855.54,-3255.66
570,143488830.65,109700.94086391438,-34562.44,-815.6899999999999
1463,229572039.23,81990.01401071428,-60948.09,-1992.2
331,57092.39,131.85309468822172,-7632.35,0.0
183,90326497.22,141799.8386499215,-8607.53,-26.71
257,286350062.31,252068.7168221831,-17490.73,-902.95
1147,112255097.73,209822.61257943927,-6042.63,0.0
787,152719.43,131.8820639032815,-26702.39,-1627.47
261,20116.32,182.8756363636364,-4392.99,-268.58
1388,75706332.09,118848.24503924648,-10007.33,0.0
225,396729265.46,1184266.4640597014,-3253.55,0.0
649,48546852.74,48161.56025793651,-14239.94,-272.14
1335,20264738.83,30797.47542553192,-9106.54,-1092.83
143,21231567.01,31736.273557548586,-12016.17,-64.12
1045,167340329.22,175042.18537656905,-14816.04,-76.58
142,167869249.57,277929.2211423841,-10851.24,-135.36
892,8356623.859999999,28618.57486301369,-4017.17,-26.71
314,8041259.08,13335.42135986733,-9472.31,-240.43
1122,533413905.32,367618.12909717433,-27232.27,-544.98
1576,35208609.97,51249.79617176128,-11259.39,0.0
603,207414.19,139.57886271870794,-17518.93,-249.33
535,183174843.66,127826.12956036288,-23072.52,-128.23
58,114386620.13,104749.65213369962,-20894.76,-108.64
27,11812566.33,10148.252860824745,-17998.47,-382.56
1343,252881457.78,199276.16846335697,-23709.22,-448.46
899,92617.32,184.4966533864542,-6618.15,0.0
574,73676.77,175.83954653937948,-6163.69,-53.43
1259,396175157.47,316433.8318450479,-24393.93,-496.9
1386,332174376.94,240880.62142131975,-21498.67,-616.21
520,63672748.78,58415.36585321101,-20184.67,-849.53
1472,468497966.7,349625.3482835821,-30403.74,-1888.57
545,117025.07,132.9830340909091,-11186.4,-17.81
338,190791497.33,287769.9808898944,-11003.42,-65.89
749,221598386.49,188114.08021222413,-16508.39,-126.45
283,131199692.26,115696.37765432098,-22636.91,-1846.52
1352,244745.81,165.48060175794456,-19980.82,-14.25
988,14730408.55,21758.358271787296,-6791.09,-37.4
495,312073785.11,198142.085784127,-20149.5,-19.59
1263,296212482.18,169071.05147260273,-33893.57,-903.68
424,15181845.44,19871.52544502618,-17994.7,-1459.71
1415,5684182.699999999,5476.091233140654,-17975.13,-779.3699999999999
236,32309179.39,138666.00596566522,-5180.94,-35.62
240,135277552.78,129204.92147086916,-14616.89,-550.31
307,40645.44,105.02697674418606,-6525.83,-153.16
118,57693.2,140.3727493917275,-4425.73,-71.24
103,1712144926.02,986827.0466974064,-24560.81,0.0
464,841241329.63,203493.30663522013,-73928.26,-7548.79
946,137169465.4,637997.5134883721,-8076.44,-357.98
1371,147555783.22,180828.16571078432,-13316.54,-250.76
484,237695.01,136.29301032110092,-19728.04,-62.33
1542,25194.53,104.10962809917356,-5221.82,-1084.25
1402,105049.32,107.3026762002043,-22020.35,0.0
968,70935.56999999999,185.6952094240837,-7945.36,-338.39
1124,52326071.27,35071.09334450402,-23693.32,-35.62
1331,79492.0,146.93530499075786,-9317.98,-26.71
960,43858520.58,277585.5732911392,-2104.08,0.0
831,330848461.14,310947.8018233083,-18597.46,-1666.98
993,350915367.3,336770.9858925144,-16814.63,-46.3
557,22911077.31,15386.888723975822,-29834.59,-35.62
1091,1318150743.61,511704.4812150621,-53289.15,-1221.02
971,11258751.22,10681.92715370019,-14183.97,-167.43
394,47116872.55,68985.17210834553,-13029.28,-44.52
1178,36220206.23,30284.453369565214,-23983.6,-128.23000000000002
665,147297.49,110.66678437265212,-20623.12,-382.91
1404,402562869.86,218428.03573521436,-21701.98,-865.54
1310,118550642.26,360336.298662614,-10449.45,-121.1
863,15375955.99,16694.849066232357,-16279.68,-106.5
346,32827418.99,48561.27069526627,-10448.11,-26.71
1581,203115620.82,402209.1501386138,-7457.38,0.0
635,38980.58,126.1507443365696,-5218.71,-35.62
356,58368.46,100.80908462867012,-6649.02,0.0
463,14614629.67,65243.88245535714,-5453.34,-933.23
984,38688.26,94.59232273838631,-5290.86,-17.81
1300,20778779.96,22959.977856353587,-9850.65,-160.28
692,13266816.65,49875.250563909765,-7585.94,-167.41
1467,17621955.029999997,37255.7188794926,-10260.22,-1535.91
151,465203781.61,274780.73337861785,-23401.9,-238.65
1271,256916.66,166.72073977936404,-25143.65,-35.62
1579,243338.98,209.4139242685026,-26649.97,-338.39
1575,8309097.09,16786.054727272727,-6714.33,-53.43
122,79289.56999999999,178.5801126126126,-11261.26,0.0
1457,37995583.3,30941.02874592833,-30396.75,-1193.21
676,211645.51,202.3379636711281,-21025.68,0.0
758,27032437.75,56790.835609243695,-6469.2,0.0
337,4774266.49,10801.507895927602,-15101.65,-213.72
611,95069.45,132.77856145251397,-23293.96,-268.92999999999995
830,65683027.81,197840.44521084335,-4269.36,0.0
1166,517503590.73,235228.90487727275,-25312.76,-352.63
274,422395330.23,429263.5469817073,-26614.0,-2404.29
1043,219427452.17,211191.00305101057,-18447.55,-382.54
358,43919293.35999999,112903.06776349612,-9701.05,0.0
1477,20429445.83,10712.871436811747,-36120.36,-296.71
1060,3136528.45,5765.677297794118,-6816.04,0.0
1465,34554.35,104.71015151515152,-4885.19,0.0
1347,300370.65,181.602569528416,-25976.5,-630.47
440,107537.71,178.63406976744187,-9915.77,-71.24
1125,45578.12,150.9209271523179,-4219.23,-71.24
791,142441176.98,176945.5614658385,-14326.59,-97.95
565,227846.22,119.41625786163522,-26185.03,-3777.85
304,35935481.19,76458.47061702127,-3548.29,-26.71
939,66760.76,99.79186846038864,-7050.42,0.0
1204,102809.27,171.06367720465892,-9420.36,-99.74
915,121622.21,172.02575671852898,-12834.92,-35.62
877,108737.32,155.33902857142857,-12673.14,-384.33
98,70087.89,126.5124368231047,-9914.71,-60.2
79,49258699.31,70470.2422174535,-10068.66,-35.62
641,167846.25,318.4938330170778,-8063.65,-423.51
1193,72702985.22,132187.24585454544,-12712.3,-438.13
1408,445149364.51,282276.0713443247,-19428.13,-696.37
930,44963221.35,41250.66178899083,-15061.98,-70.52
317,262009.28,311.17491686460806,-33802.78,-5237.15
844,796524702.85,331057.64873233583,-55185.06,-1376.0
967,23716826.37,17413.23522026432,-16292.99,-2111.86
868,34624.83,146.7153813559322,-3070.05,0.0
375,104061.01,228.2039692982456,-7374.599999999999,0.0
834,122727.54,115.9995652173913,-17836.34,-304.54999999999995
34,67854.73,178.09640419947505,-6615.68,0.0
163,5356377.72,8570.204351999999,-9888.72,-23.15
703,1230991986.19,1304016.9345233052,-12716.97,-54.85
506,117636320.7,284145.7021739131,-8169.05,-302.77
583,110482.5,100.34741144414168,-10945.24,-322.0
1069,15922185.11,59411.13847014926,-2306.74,0.0
1547,3687367.8,1957.201592356688,-51529.19,-7949.04
1432,215465543.62,136890.43432020332,-20671.73,0.0
181,124520958.38,158625.42468789808,-13757.9,-190.56
1363,183817579.9,1750643.6180952382,-1127.05,0.0
1451,315660.76,117.7838656716418,-33767.81,-152.81
733,277486.39,220.22729365079363,-16051.57,-598.4
393,16803683.81,35450.80972573839,-8079.27,-639.38
974,33763633.37,89796.89726063829,-7413.97,-484.42
185,819623213.12,924039.6991206312,-11847.92,0.0
1165,94431030.56,211255.10192393736,-12445.53,-544.97
848,51678604.81999999,42152.206215334416,-24112.94,-558.52
119,350729619.01,434071.31065594056,-15563.75,-283.18
865,37341065.8,22467.54861612515,-22536.32,-71.24
1564,74464466.98,387835.7655208334,-4679.73,-89.05
263,587652081.5,1092290.1143122676,-14938.07,-35.62
502,18522611.9,27563.410565476195,-17485.38,-89.05
1384,296752757.67,230398.10378105592,-23193.27,-338.03
1375,62645.93,130.78482254697286,-6497.74,-89.05
1382,1010477482.07,639138.1923276407,-38001.08,-674.99
1011,2214020230.95,573283.3327162091,-51954.47,-1712.91
833,119495.54,168.54095909732015,-11979.92,-211.93
849,4782209.21,9340.25236328125,-9318.08,0.0
67,38295.06,86.44483069977426,-4957.27,0.0
1329,91035.26,149.23813114754097,-14298.3,0.0
386,230650558.83,212190.02652253912,-18948.49,0.0
11,248815887.14,403267.2400972448,-15847.75,-2724.93
864,1275081484.36,718355.7658366197,-40166.15,-3726.15
1397,63087.88,130.88771784232364,-9640.18,0.0
878,107670755.69,64396.38498205742,-39363.86,-1602.53
376,133083538.6,747660.3292134831,-3274.6,-71.24
1065,18300949.01,33214.06353901996,-6794.38,-162.07
1532,420257115.69,602087.558295129,-15033.26,-502.24
332,77726609.63,100292.39952258064,-12281.69,-55.21
1077,497301.79,880.1801592920353,-4630.74,0.0
449,5859043.98,19928.72102040816,-3746.05,-35.62
409,732692005.77,674049.6833210671,-16086.1,-269.64
1551,107017.8,159.72805970149255,-11433.9,-320.57
653,23680898.8,67659.71085714285,-5251.47,-272.13
750,4142713.64,3306.2359457302477,-28282.31,-142.47
1390,28242908.39,51821.85025688074,-12147.05,-71.24
24,7192856.76,11134.453188854488,-10747.17,-12.47
485,51029.75,197.78972868217053,-5764.67,-92.26
298,38421.68,120.822893081761,-5615.77,-89.05
64,294376655.64,268837.12843835616,-36715.45,-1206.09
46,93882800.05,84502.9703420342,-20306.53,-963.51
1295,286601152.4,526840.3536764706,-14030.28,-293.5
926,487824083.61,245755.2058488665,-41633.79,-430.63
1318,5625101.149999999,7470.253851261619,-14130.51,-62.33
810,7432858.25,5691.315658499234,-13829.61,0.0
455,47038051.53,65149.65585872576,-13603.55,0.0
647,334801597.0,645089.7822736031,-5429.78,-215.5
347,5898603.390000001,15856.460725806452,-5173.42,-28.5
1333,112200746.46,239745.18474358972,-40313.65,-6378.41
1512,39289.79,173.84862831858408,-2977.08,-26.71
935,486391518.33,584605.1903004807,-20027.37,-89.05
504,83184.79,160.27897880539498,-7551.36,0.0
786,33746.94,167.89522388059703,-3769.64,-178.1
1287,32901.99,135.39913580246912,-2809.32,0.0
107,21505887.73,35902.98452420701,-9114.04,-8.9
1378,206224207.86,122679.4811778703,-20830.37,-1038.28
911,85481511.16,23744.86421111111,-50351.83,-1441.87
658,124355.81,143.26706221198157,-15290.49,-178.1
21,55432.4,144.73211488250652,-8103.05,-135.0
266,31801.78,122.78679536679536,-7992.44,-145.69
1209,154210886.51999998,145207.99107344632,-15971.89,-489.77
141,110342997.55,63929.89429316338,-24492.36,-82.99000000000001
1344,23976015.630000003,33864.42885593221,-14157.12,-2024.58
5,107368878.24,135566.76545454544,-10817.07,-90.83
554,170250252.29,193246.59737797955,-18382.65,-320.58
391,93619732.63,93153.9628159204,-23950.32,-437.39
1169,111740930.61,181988.4863355049,-11736.4,-300.98
452,257436451.53,191402.56619330856,-24256.44,-234.37
616,120530.82,156.94117187499998,-7689.55,-53.43
369,30705075.76,39315.07779769526,-11015.26,-17.81
1438,154586.36,131.3393033135089,-22438.93,-178.1
66,281551112.87,265614.2574245283,-20822.64,-12.47
1298,17882094.16,13295.237293680297,-31679.46,-783.62
1087,215475141.13,329977.24522205204,-11473.78,-35.62
579,82618114.99,132400.82530448717,-6872.389999999999,-71.24
1377,269412816.73,284190.7349472574,-17307.17,0.0
184,232166217.29,440543.1068121442,-6858.29,0.0
288,113992.78,228.9011646586345,-10277.06,-571.3299999999999
1049,10757671.64,37223.77730103806,-5702.74,-213.72
602,67676261.2,159238.26164705883,-6367.35,0.0
1190,117796.59,151.02126923076924,-6756.81,0.0
729,145663.29,150.94641450777203,-12902.51,-484.08
1008,20323.2,102.12663316582916,-1981.87,0.0
1059,141472.86,194.86619834710743,-11675.05,-90.83
23,330737801.2,554929.1966442952,-8518.57,-126.45
1160,43645565.95,106712.87518337408,-6701.54,-195.91
573,1504273.03,2414.563451043339,-9150.93,-35.62
1450,74629352.49000001,39994.293938906754,-38670.87,-226.19
1417,74431.34,135.08410163339383,-9030.29,-71.24
81,20111.31,127.28677215189872,-4067.79,-315.24
210,35799600.25,66665.92225325885,-4864.9800000000005,-64.11
1396,5424771.46,5627.356286307054,-14807.04,-138.92
832,1191289907.79,633664.844569149,-34062.61,0.0
1533,160335040.9,370288.7780600462,-8211.14,-148.54
33,180798103.77,177426.99094210012,-28876.86,-213.72
1040,93579217.16,255680.9212021858,-3899.98,0.0
772,176705.51,125.94833214540272,-21739.5,-486.93
202,211181.77,192.68409671532845,-19048.48,-973.12
1175,23207.9,188.68211382113824,-2849.25,-178.1
697,41004.48,182.24213333333336,-6420.11,-58.77
412,311155.05,130.24489326077855,-39055.26,-817.47
483,209781261.33,285805.533147139,-14065.77,-1198.6
529,58880.98,152.54139896373056,-7562.309999999999,-1061.09
855,79843279.9,234144.5158357772,-23894.62,-1458.63
683,185366.69,173.40195509822263,-22188.45,-204.81
377,113834845.85,102831.83906955736,-15280.91,-197.68
1505,65552896.35,321337.7272058824,-4724.929999999999,0.0
1258,45319085.67,61159.359878542506,-18323.55,-851.31
1319,478647467.4,319737.78717434866,-33645.87,-466.62
929,39806841.68,68045.88321367522,-6750.32,-97.94
1280,36857.51,118.13304487179488,-5459.03,-83.71
1531,128754.54,135.8170253164557,-10814.49,0.0
84,47927.3,122.26352040816327,-3775.31,-213.36
73,51168691.93,91700.16474910396,-8441.12,-53.43
234,70009777.61,81596.4774009324,-16071.69,-144.25
978,685432322.97,605505.5856625442,-13746.27,-300.99
1223,8363787.98,28448.25843537415,-5327.69,0.0
841,56748.81,132.2816083916084,-4946.49,0.0
544,114625394.25,127645.20517817372,-22175.27,-187.0
198,21895263.87,34318.59540752351,-10516.73,0.0
233,9951007.659999998,17336.250278745643,-11596.31,-142.48
1054,4011887.18,7774.97515503876,-13015.78,0.0
995,101409.01,277.83290410958904,-2620.23,0.0
642,79568.12,148.72545794392522,-11820.06,-89.05
1312,71744287.28,45638.85959287532,-21031.09,-381.14
378,844607882.87,478531.3783966005,-22326.6,-1431.89
1558,64727740.760000005,23735.878533186653,-101428.31,-8515.6
428,561113465.33,865915.841558642,-17190.57,-270.71
1516,220094.15,168.52538284839204,-18853.08,-231.52
587,235092418.1,484726.635257732,-12211.93,-325.92
1035,13828379.24,36390.471684210526,-11503.07,-89.05
1133,28387120.31,32666.42153049482,-10950.59,0.0
752,59817.56,102.60301886792452,-8025.15,0.0
363,173100910.02,144130.64947543715,-13213.41,-163.49
743,250970799.59,284870.3741089671,-14917.72,-39.18
609,33916563.02,61443.04894927537,-7730.25,-89.05
688,49778.92,81.3381045751634,-5931.99,-56.99
171,27470.01,228.91675,-1697.29,0.0
1185,15465231.33,48940.60547468354,-5112.54,-178.1
550,193123.2,157.13848657445078,-20106.87,-960.66
987,15242947.82,15763.131147880042,-13522.99,-106.86
1537,96073092.93,62425.66142300195,-28759.55,-354.05999999999995
1041,48510.74,130.05560321715816,-5799.23,-12.47
1544,147396891.24,90705.77922461538,-44682.49,-1029.38
405,75637.42,181.8207211538461,-8424.2,0.0
1565,91653.45,101.27453038674032,-13240.42,-74.8
757,12121663.54,18677.44767334361,-10389.65,-258.24
1157,862248829.79,431124.414895,-32951.51,-463.06
174,187799461.3,189313.9730846774,-19267.57,-35.62
1330,1264661.5599999998,3345.6655026455023,-10292.71,-133.57
47,199185.92,168.5160067681895,-22732.2,-26.71
1115,108765523.21,41945.82460856151,-61678.22,-3593.63
342,90029.47,155.22322413793103,-9295.69,-178.1
524,7556264.359999999,10379.48401098901,-9859.16,-286.38
87,83573408.03999999,131819.2555835962,-11540.39,-35.62
1226,964730248.72,915303.8412903226,-25690.72,-1195.05
1290,657941893.42,843515.247974359,-21969.42,0.0
1550,1633033.21,2535.765854037267,-9107.91,0.0
843,151707.71,134.73153641207816,-35066.92,-997.0
327,419291469.26,232165.81908084164,-23606.88,-727.0
249,138394.18,170.22654366543665,-11481.34,-922.55
1182,7383890.18,3753.88417895272,-37953.69,-1503.1
299,405749707.28,571478.4609577465,-22155.23,-1027.28
99,102176.39,160.65470125786163,-9908.86,0.0
1131,210094574.8,233438.41644444445,-12497.11,-1378.12
37,87881.08,165.5010922787194,-5546.34,-19.59
1134,53238879.83,73030.01348422497,-10708.28,-62.33
1460,717944.73,363.3323532388664,-43293.09,-366.53
740,236276.18,295.345225,-20781.98,-35.62
1033,608704382.7,216159.2268110796,-71335.18,-697.79
515,256420.25,98.9657468159012,-34894.84,-53.43
1027,78277.85,125.84863344051448,-9609.05,0.0
778,47281.82,69.22667642752562,-7971.5,-35.62
222,121465.31,85.11934828311142,-29942.13,-304.55
78,1014776370.26,383223.70478096674,-48071.57,-1421.21
62,9150452.28,33034.123754512635,-5791.39,0.0
937,28594.88,111.26412451361868,-4031.81,-89.05
1555,271048917.95,59940.05262052189,-98861.65,-4073.09
50,223051787.33,369903.4615754561,-7161.37,0.0
1274,81654.93,174.10432835820893,-11098.09,-17.81
1141,191797137.03,204039.50747872345,-15392.56,-439.91
621,8746281.23,8763.80884769539,-15504.19,-475.17
541,588295101.86,377112.2447820513,-11057.64,-96.17
556,116472390.48,209106.6256373429,-9294.29,-2049.15
490,4215064871.41,5620086.4952133335,-12514.89,-765.8299999999999
588,62009.77,138.41466517857145,-5649.97,0.0
1056,88476062.3,53883.10736906212,-27475.32,-1621.78
1284,112204838.5,129866.71122685184,-15431.27,-71.24
1461,18095163.64,17399.195807692307,-15098.28,-436.33
519,36469030.02,45700.538872180456,-16836.82,-213.72
966,167759.19999999998,191.94416475972537,-15954.91,-89.05
627,839613780.88,244856.74566345877,-45868.2,-3946.3
275,204828.03,162.17579572446556,-29074.3,-37.4
905,112159.37,141.25865239294708,-14685.37,-338.39
952,36492617.79,52132.31112857143,-19198.02,-419.95
1187,273866788.24,168845.12221948212,-24198.3,-1320.44
615,91450.67,214.17018735363,-5297.37,0.0
751,117158.4,175.38682634730537,-13428.24,-10.69
1023,7289772.59,2664.390566520468,-46821.24,-500.46
581,18267.39,78.06576923076923,-1476.12,0.0
576,56346.79,156.5188611111111,-7455.929999999999,0.0
552,323612527.81,298535.54226014763,-19842.74,-729.8299999999999
271,220855210.54,182524.9673884297,-18184.72,-62.33
620,89774.97,120.02001336898395,-9269.62,0.0
1071,1829669.49,2420.197738095238,-13523.88,-156.73
121,14376.9,73.3515306122449,-2585.97,-142.48
1486,607453530.01,764092.4905786164,-12330.09,0.0
345,50453.65,173.97810344827587,-5646.84,0.0
1428,788707426.35,363962.8178818643,-28234.12,-174.54
1224,136630382.47,97732.7485479256,-25273.46,-707.03
559,116856.78,81.83247899159664,-15731.6,-133.57
999,124452043.87,187427.77691265065,-13056.79,-965.29
963,39802271.88,25879.240494148245,-23408.81,-53.43
943,62673.5,109.18728222996516,-8345.25,-81.92
269,549910041.95,628468.6193714286,-12230.29,-19.59
719,137150.19,232.0646192893401,-14048.43,-160.29
548,58674.33,155.6348275862069,-6544.09,-19.59
239,404785.89,129.61443804034582,-51470.87,-414.95
1365,63093.4,125.93493013972056,-14995.44,-501.89
295,32107760.71,82117.03506393862,-12105.01,-1238.15
265,109107379.92,106135.58357976652,-24665.97,-2863.09
1470,28060522.76,36113.9289060489,-13034.64,-240.43
769,167549.74,108.51667098445596,-23766.5,-226.19
1036,269758.2,173.03284156510583,-27092.12,-124.67
598,17885632.91,13478.246352675207,-30616.61,-3941.63
408,1883298.51,3275.301756521739,-13234.93,-179.88
309,53938.69,104.53234496124033,-7933.17,-260.02
1244,30925.14,159.4079381443299,-4676.88,-12.47
1132,37788.78,138.92933823529413,-4247.27,-71.24
51,80109.20999999999,141.03734154929575,-15825.91,-650.06
1466,1395376007.07,405279.11910252686,-47353.16,-457.71
951,135775.08,137.28521739130434,-15169.08,-479.08
246,105584137.35,106008.17003012048,-16492.32,-496.89
13,200677192.65,81212.9472480777,-51006.54,-281.39
493,3101025.2099999995,9939.183365384612,-5905.09,-284.96
508,170724.26,148.3268983492615,-13660.05,0.0
1240,107526.75,114.26859723698192,-10504.48,-248.98
913,57362.58,117.06648979591836,-7705.17,0.0
631,66540.14,158.8070167064439,-6572.28,-19.59
1562,16360.22,90.89011111111112,-8734.62,-569.91
231,225538.15,105.19503264925372,-31223.19,-712.04
873,205403.93,248.67303874092008,-25588.6,-447.03
1309,642580059.56,369086.7659735784,-25217.36,-867.3499999999999
262,134723293.2,115345.2852739726,-14159.36,-19.59
224,52762.29,116.73073008849558,-7010.95,0.0
1142,365466075.76,440320.5732048193,-16714.46,-1761.06
1164,81837.34999999999,184.73442437923248,-8669.11,-293.86
949,115765.61,152.72507915567283,-14526.41,-108.64
533,285872.47,178.89391113892364,-22241.88,-149.6
1580,17362967.13,32822.24410207939,-6716.86,0.0
57,41176421.94,166706.16170040486,-3748.26,0.0
606,54706.12,88.23567741935483,-9699.68,-35.62
837,40496.35,88.03554347826086,-6625.9,-89.05
1231,760362785.3,1195538.970597484,-14862.08,-756.55
83,137770216.72,166994.20208484848,-9627.23,0.0
1055,81420492.99,47118.34085069444,-24759.43,-452.37
782,1148987841.65,502839.3180087528,-25939.17,-790.73
192,194925.91,140.53778658976208,-26909.35,-135.36
1012,267205.93,247.64219647822057,-17580.57,-203.04
204,212464449.93,238992.6320922385,-16448.85,-108.64
682,79374.54,107.26289189189188,-14758.31,-929.33
821,55795.49,132.84640476190475,-11008.99,-211.94
351,11195504.71,14207.493286802031,-10478.78,-195.92
1037,211658679.84,1169384.9714917126,-1980.9,0.0
128,272608.92,122.1366129032258,-37076.87,-605.18
1019,51276785.15,71416.13530640668,-20748.92,-89.05
461,164712.53,238.7138115942029,-27138.42,-1214.65
264,72441.26,182.013216080402,-7501.5,-276.05
962,472161700.5,347177.72095588234,-18307.65,-1173.3
1261,18674729.05,47397.78946700508,-10238.24,-210.16
280,27451.54,130.72161904761904,-1969.75,0.0
753,700387985.86,644331.1737442502,-13318.65,-240.42
1184,1997276.28,770.2569533359043,-39456.86,-1732.9
235,257287.34,175.98313269493843,-48434.61,-5520.31
69,143842124.26,251472.24520979016,-40669.46,-1526.32
1529,229695.71,135.91462130177516,-31927.6,-2458.13
1227,41331.16,110.80739946380696,-7110.0,-47.73
1014,6302256.149999999,6762.077414163089,-16437.81,0.0
366,148303500.7,226763.7625382263,-12103.26,-523.6
742,135322882.54,201974.4515522388,-13331.34,-213.72
422,250968.68,221.31276895943563,-14234.84,0.0
489,56669.11,268.57398104265405,-1395.58,-14.25
1392,56630108.73,24947.18446255507,-34890.15,-203.03
696,7466964.52,12677.359117147707,-7965.54,0.0
1492,237157.98,117.52129831516352,-30501.94,-71.24
1268,419741088.07,335524.4508952838,-19743.22,-35.62
614,47592017.28,49369.312531120326,-15386.79,-108.64
1317,218759490.31,105731.99144997585,-50569.38,-877.67
362,262545.27,175.03018,-22004.65,-108.64
429,57782391.23,114194.44907114624,-11629.96,-427.44
706,451567141.33,248660.32011563875,-38552.6,-4309.57
318,192020165.23,279912.77730320697,-10607.57,0.0
1341,942405783.66,645483.4134657534,-20344.43,-2493.36
120,50830057.64,133412.22477690288,-10318.69,-178.1
1490,1175094420.15,741384.4922082018,-27195.06,-391.82
196,111489135.47,183975.47107260727,-15382.8,-1009.81
813,25048736.07,20397.99354234528,-21076.72,-975.98
382,80449.0,185.7944572748268,-6197.54,0.0
1552,258457.25,394.5912213740458,-16056.47,-251.11
677,401876.47,311.2908365608056,-17275.72,-89.05
1093,312795617.24,230675.2339528024,-22501.39,-888.7099999999999
481,43754452.64,23435.70039635779,-14216.06,-1354.98
867,175679.55,262.99333832335327,-15160.22,-39.19
1413,58094.3,127.6797802197802,-5255.29,-252.19
162,108699359.07,53998.68806259314,-25735.9,-2193.46
812,29631.8,82.08254847645429,-4288.91,0.0
1430,4099306.97,2903.19190509915,-19646.25,-71.24
596,75354121.14,28575.700091012517,-50691.98,-1011.6
927,1132920641.38,956858.6498141892,-21162.83,0.0
675,6360291.030000001,19691.303498452016,-5121.29,0.0
880,66849191.45,120232.35872302158,-6576.47,-8.9
10,69403947.45,141352.2351323829,-5636.46,0.0
624,25109223.39,30999.041222222226,-9256.91,-108.64
1254,106438889.44,146006.70705075446,-9436.03,-55.21
1323,20610425.27,21809.97383068783,-9860.23,-181.66
1081,156006071.29,288900.1320185185,-12151.09,-89.05
1203,101980.43,103.5334314720812,-13321.63,-106.86
1180,52841.19,636.6408433734939,-3044.81,-195.91
140,1314737407.17,1076771.013243243,-19672.58,-106.86
115,31341.69,217.650625,-4058.89,0.0
77,118008257.46,751644.9519745222,-1954.8,-35.62
1022,290346.08,278.6430710172745,-25055.72,-822.4499999999999
656,70521.88,151.01044967880085,-6792.98,-124.67
109,14743274.680000002,67941.35797235023,-2885.18,0.0
1355,45301.18,119.52817941952506,-5164.79,0.0
1336,2358739900.32,1086976.9125898618,-29786.04,-5195.86
630,50850.17,127.125425,-8168.63,0.0
1541,39705.08,127.66906752411576,-4142.96,-142.48
396,490479316.35,421373.9831185567,-19034.31,-274.28
1427,837409799.33,641201.9902986218,-19513.28,-105.08
1454,103064086.63,116325.15420993228,-18605.62,-263.59
713,545269.24,1030.754706994329,-13510.34,-188.79
442,78410.1,139.51975088967973,-7658.769999999999,0.0
1239,503078918.92,216192.0579802321,-30849.85,-4792.56
194,39287055.38,43896.15126256984,-25945.43,-587.73
881,401537810.23,738120.9746875,-8630.2,-860.22
906,45775048.15,86043.32359022555,-10285.17,-1637.8
164,33828707.77,33493.77006930693,-13828.08,-1880.02
1345,129025.81,149.33542824074073,-16171.8,-204.81
1571,38866926.34,96205.26321782178,-5560.17,0.0
809,24939497.31,21063.764619932437,-22618.07,-495.11
1311,5766176.29,6889.099510155316,-15229.64,0.0
859,715123378.74,354899.93982134,-44139.97,-1091.75
1443,18558.53,91.8739108910891,-944.23,-121.11
1327,21212935.48,37281.08168717048,-15322.05,-437.41
371,24480187.92,44509.43258181818,-8842.31,-12.47
1566,398009514.92,149571.40733558813,-32760.94,-1489.97
1117,116987.6,127.1604347826087,-23345.59,-267.13
1215,82603820.41,67597.23437806874,-20383.43,-260.02
1473,277576.88,120.47607638888888,-34619.25,-97.95
296,31410.99,154.7339408866995,-2470.81,-146.03
101,95795.86,203.82097872340427,-10709.45,0.0
31,18534138.34,61168.77339933993,-2480.9,-217.27
1521,925915979.09,886043.9991291866,-47732.68,-1241.0
885,129877.43,150.49528389339514,-10890.92,0.0
457,69616.53,132.3508174904943,-7484.96,0.0
1144,1963866.64,3482.03304964539,-13653.76,-765.8299999999999
1431,32692641.3,13409.61497128794,-37346.89,-252.9
1138,91926768.7,250481.65858310627,-10481.51,0.0
794,4824043.239999999,54818.67318181817,-2787.25,0.0
1282,50084.67,132.85058355437664,-5576.3,0.0
882,7284046.22,24443.10812080537,-5910.06,-126.45
1573,221297645.98,187381.58,-16405.82,-790.39
735,544060004.38,231909.6352855925,-31149.1,-913.61
909,505186888.64,544969.6749083063,-25420.88,-4235.12
1245,223834946.88,266787.7793563766,-9153.43,0.0
333,110811.71,120.5785745375408,-16861.72,-2596.66
1288,24792367.97,186408.7817293233,-2052.05,0.0
1198,349538278.62,463578.61885941646,-10448.12,-833.48
370,109527.33,127.2094425087108,-10377.61,-509.01
458,139387.87,123.13416077738516,-18520.53,-322.36
904,9619671.64,26211.639346049044,-3775.39,0.0
711,898590.09,215.33431344356575,-51170.11,-179.51999999999998
492,28037.31,132.25146226415094,-1706.53,0.0
432,385091.35,188.5853819784525,-33662.84,-489.41
465,42606.61,234.10225274725275,-929.65,0.0
667,41206175.49,27544.234953208557,-23342.77,-187.0
149,83587672.78999999,76057.93702456779,-19996.81,-80.14
1484,25298167.95,67642.16029411764,-7899.7,-67.68
1578,99209670.75,126704.56034482758,-14583.83,-767.62
479,216508.73,167.3174111282844,-20805.57,-44.52
1293,22238809.16,60104.88962162162,-5358.27,-12.47
536,8927143.660000002,11998.849005376347,-10056.58,-762.26
1129,7681706.64,10683.8757162726,-11076.95,-505.44
414,97973649.83,87790.00880824373,-11868.25,-516.12
1524,564222.91,220.31351425224523,-68614.46,-972.07
716,9277549.81,19697.557983014864,-7246.38,-44.52
1279,120755068.04,233568.79698259183,-6050.38,-131.44
1316,4113962.67,9435.694197247703,-12528.2,-35.62
1128,23985960.28,63792.44755319148,-8598.68,-213.72
898,1635292332.75,503476.7034328818,-50340.62,-1175.44
1211,157534665.45,300638.6745229007,-9621.96,0.0
438,29844678.56,25335.04122241087,-15285.15,-71.24
664,141378.72,149.765593220339,-14229.24,-222.63
1349,68516.73,160.83739436619717,-9059.21,-634.02
1252,325160185.32,133865.86468505557,-41515.3,-436.33
361,7416311.25,12942.951570680629,-7705.95,0.0
921,44447193.33,85147.87994252873,-5375.08,-35.62
959,384823248.92,219898.99938285715,-36568.73,-2823.92
707,47836.46,131.0587945205479,-11277.2,-128.23
1297,71493.4,202.53087818696883,-7559.28,0.0
1153,9164487.61,22517.16857493857,-9051.79,-89.05
546,212257099.1,155956.72233651727,-19229.4,-135.35
1568,117407.85,173.16792035398228,-15073.88,-178.1
116,393258.05,906.1245391705068,-9068.87,0.0
1513,29472051.7,245600.4308333333,-5542.11,-391.82
890,34954162.39,34437.5984137931,-26657.24,-289.23
1401,76009.1,120.64936507936508,-9534.98,-35.62
518,103992.28,84.61536208299431,-21488.4,-1156.21
134,87806.44,166.6156356736243,-7121.08,0.0
663,45156.22,81.8047463768116,-6226.27,0.0
804,91665.12,422.41990783410137,-8591.5,0.0
1079,93269.16,141.74644376899695,-12084.33,0.0
241,116452.33,74.36291826309068,-12853.47,0.0
632,424180624.16,300624.1135081503,-44344.38,-4526.52
220,72273.46,175.84783454987837,-7899.77,-84.78
218,41789.23,118.71940340909092,-4101.94,0.0
1105,127211646.68,220470.7914731369,-8117.82,-35.62
891,811485689.29,805844.775858987,-24569.2,-561.0
715,15331885.809999997,23844.30141524105,-14246.86,-176.31
687,626120977.51,656999.9764008394,-16932.92,-146.04
1072,19713437.77,37692.99764818356,-13331.45,-362.26
1545,996542527.53,921870.9782886216,-26905.83,-696.37
255,38217.89,138.97414545454546,-3307.99,0.0
1048,58048852.94,113821.2802745098,-10044.5,0.0
456,1586550186.14,661613.9224937449,-39781.39,-188.78
1356,68893753.33,64688.9702629108,-16482.61,-240.43
521,240515272.08,306779.68377551023,-19557.12,-53.43
720,421230.18000000005,730.0349740034663,-10024.89,-26.71
451,8713078.09,20647.104478672987,-11612.71,-104.72
1123,5035824.73,5709.551848072561,-13321.59,0.0
1070,444494282.04,407419.1402749771,-13816.13,-3979.38
1296,162424457.53,178684.77176017602,-9256.56,-130.01
247,109219044.67,206073.66918867925,-9839.97,0.0
509,102709.97,205.83160320641284,-10146.52,-219.78
575,367006503.26,355282.19095837366,-34757.96,-90.83
1083,158408.27,155.15011753183154,-20484.35,-1297.63
188,131390.73,162.41128553770088,-13659.82,-35.62
1509,236647887.83,187518.1361568938,-15718.85,-8.9
662,32372413.36,294294.6669090909,-1898.95,0.0
1496,246357311.89,247844.3781589537,-31495.52,-4062.78
154,144507.13,144.65178178178178,-13044.33,-224.4
411,51056324.38,71607.74807854138,-13245.84,-160.29
9,74371348.05,133521.2711849192,-11753.75,-450.23
244,188014.97,105.03629608938547,-30604.05,-293.86
380,24007502.82,45555.033814041744,-13551.89,-213.72
303,17723314.98,11267.20596312778,-25044.04,-2246.84
329,4953148.67,4344.867254385965,-52956.26,-3141.68
1028,221253124.59,285487.9026967742,-17568.38,-167.42
1482,35897.3,147.12008196721314,-3925.06,-35.62
599,66180.48,155.71877647058824,-8172.13,0.0
367,154985264.34,123101.87795075456,-31194.22,-9448.72
1304,66374.48,173.7551832460733,-6702.54,-10.69
45,173754505.87,129861.36462630791,-38047.71,-5123.17
708,335009482.21,270824.1570008084,-19436.96,-124.67
982,64521.02,123.1317175572519,-3873.61,-19.59
26,55574.23,505.2202727272728,-1685.2,-89.05
1270,38466670.57,17621.01262940907,-43041.12,-2763.38
1391,13573794.32,10054.66245925926,-19263.77,0.0
203,5914524.659999999,19715.0822,-3776.77,-124.67
798,54434.37,232.6255128205128,-4932.01,0.0
702,40234602.83,75628.95268796993,-8267.35,-89.05
503,55548777.35999999,88453.46713375795,-14318.75,-263.57
979,122207.41,163.8169034852547,-8646.38,-35.62
400,204281118.99,205307.6572763819,-21421.86,-188.79
1502,45009662.44,90928.61098989898,-8227.92,-293.5
543,168948.57,207.0448161764706,-18557.44,-213.72
383,93715.97,101.75458197611292,-13633.69,-106.5
1291,168254544.73,163512.67709426626,-15819.06,-210.16
3,5107930.39,7245.291333333333,-16013.53,-2179.54
577,181545464.85,187353.4208978328,-16996.12,-346.94
1017,311650263.36,170393.80172772007,-41744.68,-393.59
547,33460.25,151.40384615384616,-2780.86,0.0
811,169176.53,128.26120545868082,-19214.01,-89.03999999999999
714,136872744.23,183721.8043355705,-11380.59,-89.05
381,87617.01,148.00170608108107,-12855.32,-241.5
359,122583469.41,232165.66176136365,-9700.02,-209.8
100,245185804.37,127900.784752217,-34688.11,-2121.15
660,446763456.55,525604.0665294118,-8402.65,0.0
1092,173154.82,378.0672925764192,-6765.96,-35.62
564,186114413.33,245210.0307378129,-16470.05,-443.47
788,68882.08,141.73267489711935,-9223.05,0.0
1098,67108.24,97.11756874095516,-9404.08,-35.62
398,1424004.61,3366.4411583924348,-6497.0,-238.65
228,251936.01,126.98387600806451,-26315.42,-2230.16
1328,82843.26,191.32392609699767,-12643.73,-110.42
636,3211586.95,8385.34451697128,-7407.05,-1139.84
180,104914.14,146.32376569037658,-12323.79,-308.83
385,228710195.35,344443.06528614456,-16951.670000000002,-2774.05
488,451703301.49,658459.6231632653,-10760.05,0.0
922,258969508.37,289028.46916294645,-11925.4,-35.62
92,135566.17,249.66145488029468,-15471.56,-473.75
223,112780.13,168.07769001490314,-13054.35,0.0
652,92547.61,112.04311138014528,-10862.27,-313.09000000000003
14,334681893.45,269036.891840836,-17324.579999999998,-569.9
86,83010.06999999999,154.29381040892193,-14004.46,-80.14
1407,32577869.380000003,41342.47383248731,-9101.85,-1691.58
1104,47099655.7,54830.79825378346,-20443.71,-169.19
390,22102605.86,30783.573621169915,-9392.2,0.0
560,116074052.34,122440.98348101266,-20616.43,-550.31
1394,68440.74,184.97497297297295,-5517.42,0.0
111,83003.84,154.56953445065176,-6266.63,0.0
600,12636526.64,11635.844051565378,-19154.21,-151.39
840,68056206.45,174951.68753213368,-8871.16,-124.31
1276,32387725.380000003,59209.73561243145,-8816.62,-491.21
924,112123.5,135.90727272727273,-11065.65,-35.62
1121,807689.38,356.9109058771542,-28790.82,-329.12
173,81563177.25999999,78957.57721200386,-18759.03,-10.69
1289,323699812.93,364937.7823337091,-14362.93,-195.91
700,145446974.13,242816.3174123539,-12676.76,-482.65
875,79697057.33,147314.3388724584,-11684.3,-745.17
1013,1791228.7799999998,8216.645779816512,-4191.03,-110.43
1501,71445.42,196.8193388429752,-6443.61,-845.9599999999999
1535,68079.17,259.8441603053435,-8181.9,-160.29000000000002
1523,58038.28,125.62398268398267,-4186.34,0.0
1439,9613847.69,59713.33968944099,-2490.94,0.0
1400,61654154.74,98963.33024077046,-11762.36,-916.12
1302,11695491.94,25648.00864035088,-18031.11,-407.85
18,62188.57,122.17793713163064,-6305.38,0.0
645,3072738.18,6565.679871794872,-6565.77,0.0
1504,46384656.87,35625.69652073733,-27237.43,-435.28
1455,19200823.93,38096.872876984125,-9749.5,-231.53
643,462043790.38,893701.722205029,-10334.82,0.0
825,53707.88,117.78043859649122,-4722.81,-199.12
1242,21757998.99,120209.93917127071,-6047.57,-901.18
555,256443242.82,242384.91759924384,-16843.89,0.0
1114,1528729.15,1759.181990794016,-10969.4,-382.92
1299,67289.54,167.8043391521197,-9392.58,-55.21
1546,230931.8,191.9632585203657,-19222.28,0.0
1188,138685330.94,454706.0030819672,-4269.76,0.0
281,1098036.09,1072.300869140625,-14230.68,0.0
417,65465.99,123.5207358490566,-13288.59,-60.55
549,37577991.61,132316.87186619718,-4015.41,-35.62
824,80618911.68,286900.04156583635,-5659.72,-338.03000000000003
1042,66072.75,183.0270083102493,-5621.86,-231.53
250,458151395.38,179175.35994524835,-61746.07,-2435.66
374,65483476.35,95456.96260932944,-16173.2,-178.1
227,105812.48,200.7826944971537,-7160.599999999999,-71.24
1360,332355093.87,226554.25621676893,-18695.27,-828.18
527,79699298.47,207550.25643229167,-5813.94,0.0
399,156781033.19,251654.94894061,-22525.19,-178.1
1272,48153.54,191.84677290836652,-5799.29,-35.62
1135,1485037.0,1519.9969293756396,-13577.22,-35.62
330,43654.32,99.21436363636364,-4818.98,0.0
1076,247065995.58,144398.5947282291,-27255.74,0.0
187,87519.56999999999,177.16512145748987,-8931.58,-17.81
1574,195332002.85,80383.5402674897,-43684.26,-11937.8
1376,277170699.6,676026.096585366,-10667.84,-245.78
230,385106.66,175.84778995433788,-28885.96,-331.97
623,381286670.65,535514.9868679775,-11247.44,0.0
158,210675.8,165.75594020456333,-48255.29,-3504.17
1120,133435.95,163.9262285012285,-12311.96,-26.71
1186,303883289.72,250728.78689768972,-21373.67,-26.71
870,66204.64,182.38192837465564,-8401.66,0.0
1557,89564.34,208.28916279069767,-7134.65,0.0
254,105084.49,109.92101464435147,-18044.16,-275.34
357,314845959.37,247131.8362401884,-17616.71,-73.02
286,67393.83,146.82751633986928,-5071.11,-12.47
746,142449.32,176.0807416563659,-7216.32,0.0
806,83275.55,216.86341145833333,-4638.77,0.0
245,75397.55,132.04474605954465,-8955.53,-365.09
311,65701.04,123.26649155722323,-8468.3,-400.72
1264,42681.41,104.35552567237164,-5533.14,-39.18
36,422907940.17,422907.94017,-25309.33,-421.74
698,78840.84999999999,132.9525295109612,-7741.14,-35.62
1127,191355739.91,337488.0774426808,-4534.11,-35.62
182,94510.6,642.9292517006803,-2506.91,0.0
1456,11599679.91,37539.41718446602,-6648.11,-124.67
418,781157045.74,414847.07686670206,-36026.36,-178.1
1420,100076.74,239.418038277512,-10277.69,-35.62
816,43368.95,87.96947261663286,-4510.44,-89.05
622,78677683.54,35488.3552277853,-33104.84,-17.81
970,46095999.77,58423.32036755387,-12573.5,-233.31
292,14335724.15,50300.78649122807,-3024.81,0.0
1170,205254264.57,161363.41554245283,-22015.21,-213.72
551,277867705.05,294663.52603393426,-13693.52,-1735.72
781,575587115.87,298231.666253886,-36892.34,-6791.62
388,50128.06,127.87770408163264,-5174.9,0.0
1197,81172827.58,156402.36527938343,-5388.51,-35.62
1385,132495565.36,98072.21714285716,-16988.37,-1052.2
267,163330478.18,217773.97090666668,-21018.02,-679.99
1498,21028705.11,32302.158387096773,-10255.98,-162.07
126,312602342.04,346565.7894013304,-22092.12,0.0
983,137770.05,190.29012430939224,-22106.87,-311.67
397,69946.75,144.5180785123967,-6456.72,-51.65
85,68786.66,113.5093399339934,-9187.74,-124.67
32,34304.37,161.8130660377359,-1929.15,-71.24
822,31913432.91,133529.0079916318,-3073.24,0.0
215,95281.16,200.17050420168067,-4729.26,0.0
961,124232442.16,344134.1888088643,-7609.51,-671.0799999999999
339,95681.68,137.47367816091952,-15366.06,-267.15
1137,120036.49,203.79709677419356,-18876.05,-204.81
805,74073.35,116.46753144654087,-10160.48,-89.05
589,14256.14,101.10737588652482,-1675.86,0.0
1395,73753288.4,228338.35417956655,-5410.04,-35.62
127,16258302.709999995,13006.642167999998,-22654.54,-337.69
260,151155609.57,489176.73,-4487.36,-117.54
138,87379.34,223.4765728900256,-4884.26,-32.06
60,94589820.91,28422.422148437498,-47981.49,-2120.1
1364,485013834.13,407574.6505294117,-19940.15,-8289.81
500,5198283.17,11655.343430493273,-5925.66,0.0
61,111318784.23,238881.511223176,-6387.78,0.0
135,31614804.51,41434.86829619921,-10508.84,-195.55
709,106781.11,137.07459563543003,-11744.51,-35.61
326,39096.44,182.6936448598131,-4805.49,0.0
1409,283498561.76,276583.9626926829,-23232.05,-101.52
1251,47739509.2,135239.4028328612,-6295.4,-89.03999999999999
1191,5670118.35,8363.006415929203,-9761.2,-106.86
1075,43635713.0,108009.1905940594,-6869.61,-30.28
1530,7941165.26,10077.620888324873,-14124.9,-665.03
319,473620698.78,328903.2630416667,-36346.68,-1768.14
933,11584691.14,17526.007776096823,-13708.06,-835.27
407,67340163.45,33386.29819038176,-40184.44,-313.09
1030,94809.32,467.0409852216748,-4435.74,0.0
901,257067.19,173.10921885521887,-27440.17,-2962.83
934,352620186.59,112802.36295265514,-75455.98,-504.02
1057,25661441.98,80696.35842767295,-7492.3,-35.62
1487,63477.22,82.11800776196637,-14984.69,-200.18
133,75732.49,97.3425321336761,-14371.57,-126.45
1519,113107306.89,191707.2998135593,-9766.66,-71.24
1111,41263300.45,86144.67734864302,-10739.72,-851.3
169,1096712.96,2323.544406779661,-9644.95,-19.59
1485,1090010901.52,373675.3176276997,-63142.79,-1096.74
857,55168.3,117.13014861995754,-7833.08,-1189.6999999999998
1068,328217943.64,168576.24223934257,-84463.63,-3166.61
505,15966.16,91.75954022988506,-3966.52,0.0
941,19749487.58,60028.83762917934,-12593.51,-418.53
1207,73248561.54,161340.44392070486,-8962.25,-106.5
1,123948.4,118.27137404580152,-17030.4,-2116.83
1403,47343273.43,71950.26357142857,-7371.86,0.0
1494,7909563.34,6193.863226311668,-18603.52,-74.8
674,45366857.03,77816.22132075472,-6267.58,0.0
784,179868.36,183.53914285714285,-18755.83,-92.61
1248,271132357.85,316005.0790792541,-25577.51,-1748.2099999999998
70,14135.11,95.5075,-2196.68,0.0
1010,745582.88,2053.9473278236915,-69401.28,-2315.3
1016,530104971.46,944928.6478787878,-9997.69,-53.43
287,70826963.0,177957.19346733668,-8049.29,-304.2
352,232889313.95,383041.6347861842,-17325.95,-663.6
270,30695531.34,53851.809368421054,-7786.5,-74.8
1314,489251075.51,663841.3507598372,-14126.64,-242.21
320,89470251.46,91670.33961065572,-14323.09,-525.37
670,26521.76,121.10392694063928,-4064.59,-215.5
1367,131043.45,100.26277735271614,-27366.49,-1405.88
997,2082073.68,1892.7942545454544,-10559.54,-178.1
893,10039.08,92.1016513761468,-2110.08,0.0
592,110545549.6,148184.38284182304,-11354.76,-55.21
350,17519920.2,38760.885398230086,-7906.11,-62.33
1062,145376.88999999998,241.0893698175788,-20829.87,-151.38
539,2894361.1800000006,10641.033750000002,-3426.99,-14.25
1047,2970294.08,4641.084499999999,-8470.27,-35.62
20,27865599.75,73914.05769230769,-5486.57,0.0
945,62165.52,99.14755980861244,-8793.81,0.0
360,34422078.97,109276.44117460315,-5073.32,-53.42
1560,42946510.03,201626.80765258212,-4538.7,-984.51
253,259089.76,151.78076157000586,-15854.19,-12.47
1109,209416303.99,147476.27041549297,-10713.39,-178.1
585,27344738.34,32208.172367491166,-15388.35,-661.11
801,218527.54,205.96375117813383,-20733.32,-364.39
213,39031.21,124.70035143769968,-6916.64,0.0
170,51172248.69,96369.58322033896,-8355.26,-70.88
1526,70039044.58999999,105321.87156390976,-9183.86,0.0
912,157249963.82999998,278811.99260638293,-13804.43,-976.33
717,68365.93,130.46933206106868,-11694.31,-254.69
1556,11827010.65,7780.928059210527,-32968.18,-2370.44
349,142638.34,208.53558479532165,-9791.74,-24.58
1253,89890.69,184.5804722792608,-9067.33,-12.47
595,454891.48,380.9811390284757,-17287.46,-233.31
1189,121251.76,190.94765354330707,-9280.74,-267.15
1414,8864627.47,27026.303262195124,-8757.46,-206.61
443,96145357.42,132614.28609655172,-6297.19,-137.13
762,3787612.97,3768.7691243781096,-18367.4,-89.05
1007,239043.25,184.44695216049385,-13393.67,-39.18
580,14646131.69,48337.06828382838,-5961.67,-89.05
763,142172583.35999998,195292.01010989008,-10412.04,-243.99
744,18237064.64,18310.305863453817,-16409.92,0.0
1265,32062.09,84.37392105263157,-4702.4,0.0
1148,132075753.55,176808.2376840696,-21107.76,-944.98
593,186175489.49,144434.0492552366,-19477.64,-233.3
1527,9431477.13,36986.18482352941,-4167.46,0.0
469,195490.28,177.8801455868972,-23750.21,-89.05
285,19438.46,186.90826923076924,-734.8,0.0
1423,52522.25,136.77669270833334,-7320.87,-71.24
977,120445.21,121.90810728744938,-16237.73,-1014.11
965,89542382.08,163398.50744525547,-7327.33,0.0
494,328109302.81,264391.0578646253,-26336.96,-1298.69
1086,135538854.32999998,167125.5910357583,-26783.71,-4834.25
436,700737350.46,862977.0325862069,-21872.86,-1160.84
421,180960743.69,124886.64160800552,-26514.83,-549.6
947,559870921.39,591829.726627907,-16271.59,-222.62
178,1343684.9500000002,4816.075089605735,-7030.68,-270.71000000000004
426,58509350.190000005,45391.27245151281,-20031.58,-44.52
146,19088124.19,59650.38809375001,-6634.9,0.0
783,102509197.89,234039.2645890411,-7953.19,-234.73
858,4569245.09,4620.065813953488,-14609.62,0.0
604,48041568.53,50999.54196390657,-16027.42,-146.04
802,75081151.54,70103.78295051355,-22085.4,-2115.82
427,137518485.16,135619.80785009862,-15450.12,-1307.23
681,41729.63,91.11272925764192,-7147.11,-119.33
1097,14218550.32,15255.955278969956,-21177.36,-62.34
12,116435649.6,120783.86887966804,-18324.69,-1195.03
1250,379827753.07,552878.8254294032,-15150.37,-1476.41
1273,173749643.9,227420.99986910995,-11579.61,-1312.23
767,54670197.93,46846.78485861183,-17918.45,-526.4499999999999
471,47043.95,154.7498355263158,-6636.7,0.0
94,83837.6,98.98181818181818,-13222.74,-89.05
655,30109951.110000003,17880.018473871736,-22946.13,-131.44
1350,101209066.52,96297.87490009516,-14515.05,-238.66
313,106181.27,207.38529296875,-16921.85,-409.63
336,215457800.62,294743.91329685366,-7409.62,-703.13
219,68259.4,124.56094890510948,-12696.98,-219.05
4,50310.01,228.6818636363637,-2927.19,-89.05
699,134479322.39,116130.6756390328,-17711.329999999998,-35.62
525,132556.84,114.66854671280277,-27435.43,-242.93
65,33029.83,140.5524680851064,-3320.11,0.0
482,16626016.439999998,37445.98297297297,-6461.4,-35.62
232,45461626.32,73801.34142857142,-6888.88,-148.89
453,700509599.92,508721.56856935367,-24280.78,-233.31
1107,68508.66,194.07552407932013,-6968.28,0.0
1374,32063.94,210.9469736842105,-2032.84,0.0
851,414493277.87,427312.65759793815,-11189.34,-55.21
1468,24672155.250000004,50248.78869653769,-10270.92,-565.64
669,191997505.03,283182.16081120947,-9408.25,0.0
1500,34367859.82,38271.55881959911,-23263.07,-1072.15
1218,5774845.7,5904.750204498978,-18937.61,0.0
628,77496.76,101.17070496083552,-13874.56,-911.85
221,39833.8,181.06272727272727,-3519.96,-46.3
1399,56520.05,82.87397360703811,-13671.73,0.0
475,119106.65,210.8082300884956,-11874.29,-1046.52
16,215433057.57,404949.35633458645,-6848.84,0.0
1543,345435394.76,528997.5417457887,-19773.3,-469.83
1139,56542.66,99.54693661971832,-8210.67,0.0
454,41299.79,129.8735534591195,-6268.46,0.0
980,26590401.03,45221.77045918368,-11933.72,0.0
211,48370.41,173.3706451612903,-3291.61,-19.59
190,47922.51,117.74572481572484,-5480.01,-89.05
994,503273072.07,433109.3563425129,-18774.83,-206.59
1080,17958604.030000005,49746.82556786705,-8237.74,-35.62
1452,77816.26,149.0732950191571,-8820.53,-375.78
1499,45899634.62,48777.5075664187,-23171.94,-282.82
305,286176.63,159.4298774373259,-33982.94,-1159.41
216,63546342.31,144423.50525,-5862.04,-142.48000000000002
869,230942.05,215.83369158878503,-26183.13,-89.05
123,110373.84,141.68657252888318,-12606.93,-384.7
487,16085911.75,54528.51440677967,-6636.37,0.0
328,148359289.69,174951.99255896226,-18755.94,-480.87
756,466522399.52,544366.8605834305,-15888.87,0.0
17,17550266.67,30682.28438811189,-10496.11,-1064.33
972,179522939.68,735749.7527868852,-2879.68,-204.46
672,563116082.13,816110.2639565218,-8091.05,0.0
462,9428050.64,15455.820721311473,-13950.56,-966.34
325,33582885.92,85889.73381074169,-8439.69,-142.12
1159,9066261.7,8167.803333333332,-12880.43,-2147.17
373,14953104.439999998,15320.803729508194,-29645.48,-213.72
110,241314047.00000003,276736.2924311927,-16588.95,-35.62
208,335048699.72,118475.49495049503,-38634.43,-249.34
1249,68153827.9,95587.41640953718,-11685.19,-580.54
1283,3959243.14,14140.154071428571,-6910.21,-26.71
1155,91361.45,157.51974137931035,-13494.86,-794.67
150,270602696.82,99779.75546460177,-50978.15,-1489.61
1100,135321.87,135.59305611222445,-14870.92,-632.25
613,920167810.17,672637.2881359649,-18115.08,-113.99
513,41408.51,132.71958333333333,-4974.97,-124.67
466,56582742.620000005,50206.51519077196,-22102.77,-778.28
610,49426.78,101.28438524590165,-8454.65,-26.71
1237,2255015.11,3335.821168639053,-8221.76,-124.67
799,14841644.07,7398.626156530408,-19022.98,0.0
1337,553668686.62,197105.26401566397,-44557.28,-560.99
1453,6176647.359999999,6508.585205479451,-17457.42,-64.12
571,537800956.48,483633.9536690648,-21503.03,-19.59
334,25941.18,115.29413333333332,-4266.84,-283.16
1257,271904.65,126.93961251167134,-31094.73,-4161.47
894,126873.99,130.39464542651592,-27564.68,-1673.06
1433,101898.41,215.4300422832981,-16362.02,-422.09
1126,39009.03,99.51283163265306,-6010.49,-144.26
765,2446507.16,2059.3494612794616,-28670.44,-573.12
705,578096115.3,498788.7103537532,-22440.55,-71.24
82,31073730.35,41102.81792328042,-10602.59,-366.87
242,70796.22,113.09300319488818,-10229.94,0.0
731,9850001.13,30030.491249999995,-5382.53,0.0
730,49767.46,187.8017358490566,-5494.35,-48.09
668,337943789.0,348395.6587628866,-16863.49,-19.59
942,1028634422.36,848008.5922176422,-21641.52,-35.62
480,12689269.39,21878.050672413792,-6805.18,-53.43
300,103961897.04,131597.33802531645,-24261.71,-4548.97
617,836144.7799999999,2044.3637652811733,-5808.46,-19.59
229,77927384.27,153400.36273622047,-5016.18,-160.29
139,145216235.33,359446.12705445546,-11439.75,-349.08
1540,18747.4,127.53333333333336,-4115.88,0.0
1522,67145.09,135.10078470824948,-8743.32,-244.0
1119,850051116.74,1812475.7286567164,-9251.6,-252.54
144,254361422.47,176272.64204435205,-13730.79,-53.43
1493,333511701.45,262814.5795508274,-21020.03,-1026.57
1063,32660784.97,65848.35679435484,-9380.51,-719.14
818,16415.43,140.30282051282052,-1714.72,0.0
1435,53543.99,173.2815210355987,-4799.74,-26.71
1362,16716224.77,53236.3846178344,-6568.37,0.0
690,82074564.49,153697.6863108614,-7250.33,-55.21
364,28166.79,178.27082278481012,-5285.63,-89.05
1262,55251.3,191.84479166666668,-8643.42,0.0
459,38791114.33,41576.75705251876,-15480.11,-745.49
1567,414153974.4,508164.3857668712,-19545.01,-780.04
145,17617026.419999998,33302.50741020794,-9770.43,0.0
739,47789.53,174.41434306569343,-5801.83,0.0
584,3360499.58,7258.098444924405,-4021.1,-163.5
256,51005323.12,171158.80241610738,-3917.5,-181.66
1110,79397.42,224.28649717514125,-4858.87,0.0
114,80974.68,198.46735294117644,-5172.69,0.0
1515,371232020.32,2458490.200794702,-1455.89,0.0
1393,637583742.42,608381.4336068702,-15078.54,0.0
1225,53609.37,138.1684793814433,-6407.26,-356.2
193,11144712.089999998,30284.54372282608,-5568.82,0.0
1205,74896.66,164.60804395604396,-14318.0,-99.74
1052,104212.46,120.8961252900232,-14856.54,-4291.84
785,144179.49,137.97080382775118,-15336.86,0.0
517,51258.65,138.91233062330625,-7047.74,0.0
1354,20987014.280000005,102375.67941463416,-3239.63,-35.62
1342,59701958.08,180368.45341389728,-4956.41,-89.05
1480,18546469.67,34861.78509398496,-13352.48,-959.61
1539,215215362.36,538038.4059,-6265.91,0.0
1154,203773492.07,107532.1857889182,-18477.94,-135.36
955,140473381.76,277615.378972332,-11718.94,-1724.72
771,466596539.55,535702.1119977038,-20622.68,-151.38
916,52755866.24,94714.30204667864,-8447.21,-714.16
1161,81987.64,149.88599634369288,-9198.11,-983.1
625,79861.97,169.55832271762208,-6920.52,0.0
826,271194257.86,285768.4487460485,-13738.13,-498.32
597,211769866.81,889789.3563445378,-2295.74,0.0
1213,4863084.669999999,23047.79464454976,-2239.79,0.0
425,30406.8,223.57941176470587,-1515.98,-35.62
137,22264089.88,51897.6454079254,-5753.94,-249.34
845,73246.3,163.13207126948777,-11979.34,-2155.0
1277,42186749.78,297089.7871830986,-3175.54,0.0
673,22346769.95,44693.5399,-7570.96,-35.62
468,52025.16,130.06289999999998,-7028.77,-17.81
1570,348020891.55,293193.67443133955,-20503.06,-71.24
104,69003985.7,270603.8654901961,-5220.7300000000005,-368.65
1380,96704.57,285.26421828908553,-14732.06,-231.53
775,19958.55,119.5122754491018,-2140.05,0.0
348,53905080.75,97654.13179347826,-9838.76,-110.43
431,136118842.17,181977.06172459893,-12682.49,-512.93
1495,196231042.8,453189.4752886836,-5923.65,-71.24
685,73421159.44,180395.96914004916,-8654.8,-89.05
172,52318.87,123.97836492890995,-4725.7,0.0
902,58812.91,173.48941002949854,-3100.31,0.0
950,91785547.41,284165.7814551084,-5728.76,-89.05
55,127357194.62,242585.13260952383,-13516.65,-621.93
722,89894.04,177.65620553359682,-12678.21,-89.05
1196,35968695.02,168078.01411214954,-6468.19,-279.62
1051,10842054.73,42186.98338521401,-3449.78,-81.92999999999999
1034,51398.71,93.79326642335766,-8615.38,0.0
918,24590833.790000003,23991.057356097564,-16997.73,-216.93
1338,21165.52,64.33288753799393,-4945.09,-539.28
251,9552408.16,28429.786190476192,-5478.34,-89.05
177,61906799.54,223490.2510469314,-7047.45,0.0
148,84093174.42,180457.45583690988,-14345.91,-249.34
1269,73708.27,131.1535053380783,-8559.38,-26.71
920,20686376.86,37006.04089445438,-14950.32,-71.24
1379,149812.59,193.30656774193548,-11884.9,-69.47
112,49876179.55,47501.12338095238,-20366.76,-286.74
1525,79973.45999999999,171.98593548387095,-5116.74,0.0
217,35905288.650000006,153441.4044871795,-7397.86,-682.12
59,20407603.66,30827.19586102719,-11794.47,-89.05
68,35919563.76,22268.793403595784,-21752.54,-559.22
404,88352410.92999999,81057.25773394495,-25175.42,-3091.1
470,689170414.76,334873.8652866861,-34368.53,-39.19
49,112411086.88,69389.55980246913,-21615.63,-391.46
975,28581.78,136.1037142857143,-2586.33,0.0
817,89968.68,118.37984210526317,-10574.38,-331.26
52,158903.5,115.98795620437956,-22951.1,-587.73
846,39355.92,131.1864,-4537.25,-17.81
406,9313.82,112.21469879518072,-3693.33,0.0
678,11244407.11,12705.544757062144,-12760.74,-55.21
1559,100949.95,134.95982620320856,-17304.81,-372.2
497,63502512.26,130663.60547325102,-11828.61,-597.6899999999999
948,159579694.34,64790.78129922858,-22169.12,-288.52
157,1276446.54,6078.316857142858,-3132.43,0.0
1313,55863.48,324.78767441860464,-3036.56,0.0
156,64457906.62,360100.0369832402,-4750.99,0.0
914,82446481.22,157040.91660952382,-11266.08,-501.51
618,84441.06,210.57620947630923,-8807.64,-224.41
1172,142504.52,150.16282402528978,-12596.91,-471.97
1001,57905.02,144.04233830845772,-7547.41,-245.76
75,83858977.84,106420.02263959392,-12053.76,-26.71
976,42228.99,98.89693208430911,-8307.21,-110.42
836,36985.57,172.82976635514018,-5817.09,-249.34
838,47043.37,128.18356948228885,-3960.57,0.0
1018,61759.33,116.52703773584906,-9549.27,-117.54
1102,34200.45,216.45854430379745,-2189.17,0.0
759,1727454.81,11217.239025974026,-3557.38,0.0
97,68797064.72,138703.75951612904,-8339.68,-677.83
1222,136244.77,249.53254578754576,-8017.92,-14.25
447,859175289.1,409131.0900476191,-43724.51,-988.08
1503,7675315.27,23910.63947040498,-4613.46,0.0
1176,49484470.24999999,135573.8910958904,-6114.11,-639.7099999999999
770,31183.71,145.71827102803738,-5617.22,-445.25
1325,20510.97,150.81595588235294,-2515.85,-26.72
897,21195.29,147.18951388888888,-5145.2,-847.73
1260,64552.6,138.82279569892472,-6287.29,-379.35
1511,60195.16,188.69956112852665,-4612.73,0.0
542,14454.47,140.33466019417477,-1154.41,0.0
1476,48439561.74,111869.65759815244,-5987.99,-355.83
507,206491683.6,639293.1380804953,-5286.04,0.0
160,5271740.21,11168.941122881355,-9960.32,-17.81
1508,34215.76,161.39509433962266,-3576.21,0.0
472,37964.58,193.69683673469387,-3919.96,0.0
